id;start;jhi_end;summary;description
1;2022-11-16;2022-11-17;Honduras;Product Rubber invoice
2;2022-11-17;2022-11-16;Table Spring port;Shoes
3;2022-11-17;2022-11-16;mint transmit Games;Account
4;2022-11-16;2022-11-16;defect;system
5;2022-11-16;2022-11-16;granular project Customer;user-centric
6;2022-11-16;2022-11-17;Dollar Aruban;Course Versatile
7;2022-11-16;2022-11-17;deposit;Profound
8;2022-11-16;2022-11-17;Principal Technician Granite;maximize Supervisor Borders
9;2022-11-17;2022-11-16;Ramp Shoes;Computer Security eyeballs
10;2022-11-16;2022-11-17;payment Small Avon;metrics
